next_path,next_file,vite_path,vite_component,lazy_chunk,dynamic_segments,redirects,notes,sample
/forgot-password,src/app/(auth)/forgot-password/page.tsx,/forgot-password,@/pages/(auth)/forgot-password/index,(auth),,,,/forgot-password
/login,src/app/(auth)/login/page.tsx,/login,@/pages/(auth)/login/index,(auth),,,,/login
/register,src/app/(auth)/register/page.tsx,/register,@/pages/(auth)/register/index,(auth),,,,/register
/reset-password,src/app/(auth)/reset-password/page.tsx,/reset-password,@/pages/(auth)/reset-password/index,(auth),,,,/reset-password
/sso/callback,src/app/(auth)/sso/callback/page.tsx,/sso/callback,@/pages/(auth)/sso/callback/index,(auth),,,,/sso/callback
/admin/approval-chains,src/app/(main)/admin/approval-chains/page.tsx,/admin/approval-chains,@/pages/(main)/admin/approval-chains/index,(main),,,,/admin/approval-chains
/admin/approvals,src/app/(main)/admin/approvals/page.tsx,/admin/approvals,@/pages/(main)/admin/approvals/index,(main),,,,/admin/approvals
/admin/bots,src/app/(main)/admin/bots/page.tsx,/admin/bots,@/pages/(main)/admin/bots/index,(main),,,,/admin/bots
/admin/cab,src/app/(main)/admin/cab/page.tsx,/admin/cab,@/pages/(main)/admin/cab/index,(main),,,,/admin/cab
/admin/cmdb-types,src/app/(main)/admin/cmdb-types/page.tsx,/admin/cmdb-types,@/pages/(main)/admin/cmdb-types/index,(main),,,,/admin/cmdb-types
/admin/config-inheritance,src/app/(main)/admin/config-inheritance/page.tsx,/admin/config-inheritance,@/pages/(main)/admin/config-inheritance/index,(main),,,,/admin/config-inheritance
/admin/connectors,src/app/(main)/admin/connectors/page.tsx,/admin/connectors,@/pages/(main)/admin/connectors/index,(main),,,,/admin/connectors
/admin/department-processes,src/app/(main)/admin/department-processes/page.tsx,/admin/department-processes,@/pages/(main)/admin/department-processes/index,(main),,,,/admin/department-processes
/admin/departments,src/app/(main)/admin/departments/page.tsx,/admin/departments,@/pages/(main)/admin/departments/index,(main),,,,/admin/departments
/admin/escalation-matrices,src/app/(main)/admin/escalation-matrices/page.tsx,/admin/escalation-matrices,@/pages/(main)/admin/escalation-matrices/index,(main),,,,/admin/escalation-matrices
/admin/escalation-rules,src/app/(main)/admin/escalation-rules/page.tsx,/admin/escalation-rules,@/pages/(main)/admin/escalation-rules/index,(main),,,,/admin/escalation-rules
/admin/groups,src/app/(main)/admin/groups/page.tsx,/admin/groups,@/pages/(main)/admin/groups/index,(main),,,,/admin/groups
/admin/mcp-servers,src/app/(main)/admin/mcp-servers/page.tsx,/admin/mcp-servers,@/pages/(main)/admin/mcp-servers/index,(main),,,,/admin/mcp-servers
/admin/menus,src/app/(main)/admin/menus/page.tsx,/admin/menus,@/pages/(main)/admin/menus/index,(main),,,,/admin/menus
/admin/overview,src/app/(main)/admin/overview/page.tsx,/admin/overview,,,,/admin,redirect-only,/admin/overview
/admin,src/app/(main)/admin/page.tsx,/admin,@/pages/(main)/admin/index,(main),,,,/admin
/admin/permissions,src/app/(main)/admin/permissions/page.tsx,/admin/permissions,@/pages/(main)/admin/permissions/index,(main),,,,/admin/permissions
/admin/process-routing,src/app/(main)/admin/process-routing/page.tsx,/admin/process-routing,@/pages/(main)/admin/process-routing/index,(main),,,,/admin/process-routing
/admin/roles,src/app/(main)/admin/roles/page.tsx,/admin/roles,@/pages/(main)/admin/roles/index,(main),,,,/admin/roles
/admin/service-catalogs,src/app/(main)/admin/service-catalogs/page.tsx,/admin/service-catalogs,@/pages/(main)/admin/service-catalogs/index,(main),,,,/admin/service-catalogs
/admin/sla-definitions,src/app/(main)/admin/sla-definitions/page.tsx,/admin/sla-definitions,@/pages/(main)/admin/sla-definitions/index,(main),,,,/admin/sla-definitions
/admin/sla-templates,src/app/(main)/admin/sla-templates/page.tsx,/admin/sla-templates,@/pages/(main)/admin/sla-templates/index,(main),,,,/admin/sla-templates
/admin/system-config,src/app/(main)/admin/system-config/page.tsx,/admin/system-config,@/pages/(main)/admin/system-config/index,(main),,,,/admin/system-config
/admin/teams,src/app/(main)/admin/teams/page.tsx,/admin/teams,@/pages/(main)/admin/teams/index,(main),,,,/admin/teams
/admin/tenants,src/app/(main)/admin/tenants/page.tsx,/admin/tenants,@/pages/(main)/admin/tenants/index,(main),,,,/admin/tenants
/admin/ticket-categories,src/app/(main)/admin/ticket-categories/page.tsx,/admin/ticket-categories,@/pages/(main)/admin/ticket-categories/index,(main),,,,/admin/ticket-categories
/admin/tickets/assignment-rules,src/app/(main)/admin/tickets/assignment-rules/page.tsx,/admin/tickets/assignment-rules,@/pages/(main)/admin/tickets/assignment-rules/index,(main),,,,/admin/tickets/assignment-rules
/admin/tickets/automation-rules,src/app/(main)/admin/tickets/automation-rules/page.tsx,/admin/tickets/automation-rules,@/pages/(main)/admin/tickets/automation-rules/index,(main),,,,/admin/tickets/automation-rules
/admin/users,src/app/(main)/admin/users/page.tsx,/admin/users,@/pages/(main)/admin/users/index,(main),,,,/admin/users
/admin/vector-store,src/app/(main)/admin/vector-store/page.tsx,/admin/vector-store,@/pages/(main)/admin/vector-store/index,(main),,,,/admin/vector-store
/admin/workflows,src/app/(main)/admin/workflows/page.tsx,/admin/workflows,@/pages/(main)/admin/workflows/index,(main),,,,/admin/workflows
/ai/approval,src/app/(main)/ai/approval/page.tsx,/ai/approval,@/pages/(main)/ai/approval/index,(main),,,,/ai/approval
/ai/audit,src/app/(main)/ai/audit/page.tsx,/ai/audit,@/pages/(main)/ai/audit/index,(main),,,,/ai/audit
/ai/chat,src/app/(main)/ai/chat/page.tsx,/ai/chat,@/pages/(main)/ai/chat/index,(main),,,,/ai/chat
/applications,src/app/(main)/applications/page.tsx,/applications,@/pages/(main)/applications/index,(main),,,,/applications
/approvals,src/app/(main)/approvals/page.tsx,/approvals,@/pages/(main)/approvals/index,(main),,,,/approvals
/approvals/pending,src/app/(main)/approvals/pending/page.tsx,/approvals/pending,,,,/approvals,redirect-only,/approvals/pending
/assets/[id]/edit,src/app/(main)/assets/[id]/edit/page.tsx,/assets/:id/edit,@/pages/(main)/assets/$id/edit/index,(main),:id,,,/assets/1/edit
/assets/[id],src/app/(main)/assets/[id]/page.tsx,/assets/:id,@/pages/(main)/assets/$id/index,(main),:id,,,/assets/1
/assets/new,src/app/(main)/assets/new/page.tsx,/assets/new,@/pages/(main)/assets/new/index,(main),,,,/assets/new
/assets,src/app/(main)/assets/page.tsx,/assets,@/pages/(main)/assets/index,(main),,,,/assets
/audit-logs,src/app/(main)/audit-logs/page.tsx,/audit-logs,@/pages/(main)/audit-logs/index,(main),,,,/audit-logs
/changes/[id]/edit,src/app/(main)/changes/[id]/edit/page.tsx,/changes/:id/edit,@/pages/(main)/changes/$id/edit/index,(main),:id,,,/changes/1/edit
/changes/[id],src/app/(main)/changes/[id]/page.tsx,/changes/:id,@/pages/(main)/changes/$id/index,(main),:id,,,/changes/1
/changes/[id]/pir,src/app/(main)/changes/[id]/pir/page.tsx,/changes/:id/pir,@/pages/(main)/changes/$id/pir/index,(main),:id,,,/changes/1/pir
/changes/new,src/app/(main)/changes/new/page.tsx,/changes/new,@/pages/(main)/changes/new/index,(main),,,,/changes/new
/changes,src/app/(main)/changes/page.tsx,/changes,@/pages/(main)/changes/index,(main),,,,/changes
/changes/pirs,src/app/(main)/changes/pirs/page.tsx,/changes/pirs,@/pages/(main)/changes/pirs/index,(main),,,,/changes/pirs
/cmdb/ci,src/app/(main)/cmdb/ci/page.tsx,/cmdb/ci,,,,/cmdb/cis,redirect-only,/cmdb/ci
/cmdb/ci-types,src/app/(main)/cmdb/ci-types/page.tsx,/cmdb/ci-types,,,,/admin/cmdb-types,redirect-only,/cmdb/ci-types
/cmdb/cis/[id]/edit,src/app/(main)/cmdb/cis/[id]/edit/page.tsx,/cmdb/cis/:id/edit,@/pages/(main)/cmdb/cis/$id/edit/index,(main),:id,,,/cmdb/cis/1/edit
/cmdb/cis/[id],src/app/(main)/cmdb/cis/[id]/page.tsx,/cmdb/cis/:id,@/pages/(main)/cmdb/cis/$id/index,(main),:id,,,/cmdb/cis/1
/cmdb/cis/create,src/app/(main)/cmdb/cis/create/page.tsx,/cmdb/cis/create,@/pages/(main)/cmdb/cis/create/index,(main),,,,/cmdb/cis/create
/cmdb/cis,src/app/(main)/cmdb/cis/page.tsx,/cmdb/cis,@/pages/(main)/cmdb/cis/index,(main),,,,/cmdb/cis
/cmdb/cloud-accounts,src/app/(main)/cmdb/cloud-accounts/page.tsx,/cmdb/cloud-accounts,@/pages/(main)/cmdb/cloud-accounts/index,(main),,,,/cmdb/cloud-accounts
/cmdb/cloud-resources,src/app/(main)/cmdb/cloud-resources/page.tsx,/cmdb/cloud-resources,@/pages/(main)/cmdb/cloud-resources/index,(main),,,,/cmdb/cloud-resources
/cmdb/cloud-services,src/app/(main)/cmdb/cloud-services/page.tsx,/cmdb/cloud-services,@/pages/(main)/cmdb/cloud-services/index,(main),,,,/cmdb/cloud-services
/cmdb,src/app/(main)/cmdb/page.tsx,/cmdb,@/pages/(main)/cmdb/index,(main),,,,/cmdb
/cmdb/reconciliation,src/app/(main)/cmdb/reconciliation/page.tsx,/cmdb/reconciliation,@/pages/(main)/cmdb/reconciliation/index,(main),,,,/cmdb/reconciliation
/cmdb/registry,src/app/(main)/cmdb/registry/page.tsx,/cmdb/registry,@/pages/(main)/cmdb/registry/index,(main),,,,/cmdb/registry
/cmdb/relationships,src/app/(main)/cmdb/relationships/page.tsx,/cmdb/relationships,@/pages/(main)/cmdb/relationships/index,(main),,,,/cmdb/relationships
/cmdb/topology,src/app/(main)/cmdb/topology/page.tsx,/cmdb/topology,@/pages/(main)/cmdb/topology/index,(main),,,,/cmdb/topology
/dashboard,src/app/(main)/dashboard/page.tsx,/dashboard,@/pages/(main)/dashboard/index,(main),,,,/dashboard
/email-intake/contracts,src/app/(main)/email-intake/contracts/page.tsx,/email-intake/contracts,@/pages/(main)/email-intake/contracts/index,(main),,,,/email-intake/contracts
/email-intake/customers,src/app/(main)/email-intake/customers/page.tsx,/email-intake/customers,@/pages/(main)/email-intake/customers/index,(main),,,,/email-intake/customers
/email-intake/on-call,src/app/(main)/email-intake/on-call/page.tsx,/email-intake/on-call,@/pages/(main)/email-intake/on-call/index,(main),,,,/email-intake/on-call
/email-intake,src/app/(main)/email-intake/page.tsx,/email-intake,@/pages/(main)/email-intake/index,(main),,,,/email-intake
/email-intake/sources,src/app/(main)/email-intake/sources/page.tsx,/email-intake/sources,@/pages/(main)/email-intake/sources/index,(main),,,,/email-intake/sources
/enterprise/departments,src/app/(main)/enterprise/departments/page.tsx,/enterprise/departments,@/pages/(main)/enterprise/departments/index,(main),,,,/enterprise/departments
/enterprise/teams,src/app/(main)/enterprise/teams/page.tsx,/enterprise/teams,@/pages/(main)/enterprise/teams/index,(main),,,,/enterprise/teams
/improvements/[id],src/app/(main)/improvements/[id]/page.tsx,/improvements/:id,@/pages/(main)/improvements/$id/index,(main),:id,,,/improvements/1
/improvements/new,src/app/(main)/improvements/new/page.tsx,/improvements/new,@/pages/(main)/improvements/new/index,(main),,,,/improvements/new
/improvements,src/app/(main)/improvements/page.tsx,/improvements,@/pages/(main)/improvements/index,(main),,,,/improvements
/incidents/[id]/edit,src/app/(main)/incidents/[id]/edit/page.tsx,/incidents/:id/edit,@/pages/(main)/incidents/$id/edit/index,(main),:id,,,/incidents/1/edit
/incidents/[id],src/app/(main)/incidents/[id]/page.tsx,/incidents/:id,@/pages/(main)/incidents/$id/index,(main),:id,,,/incidents/1
/incidents/create,src/app/(main)/incidents/create/page.tsx,/incidents/create,@/pages/(main)/incidents/create/index,(main),,,,/incidents/create
/incidents,src/app/(main)/incidents/page.tsx,/incidents,@/pages/(main)/incidents/index,(main),,,,/incidents
/installations,src/app/(main)/installations/page.tsx,/installations,@/pages/(main)/installations/index,(main),,,,/installations
/knowledge/[id],src/app/(main)/knowledge/[id]/page.tsx,/knowledge/:id,@/pages/(main)/knowledge/$id/index,(main),:id,,,/knowledge/1
/knowledge/articles/[id]/edit,src/app/(main)/knowledge/articles/[id]/edit/page.tsx,/knowledge/articles/:id/edit,@/pages/(main)/knowledge/articles/$id/edit/index,(main),:id,,,/knowledge/articles/1/edit
/knowledge/articles/[id],src/app/(main)/knowledge/articles/[id]/page.tsx,/knowledge/articles/:id,@/pages/(main)/knowledge/articles/$id/index,(main),:id,,,/knowledge/articles/1
/knowledge/articles/new,src/app/(main)/knowledge/articles/new/page.tsx,/knowledge/articles/new,@/pages/(main)/knowledge/articles/new/index,(main),,,,/knowledge/articles/new
/knowledge,src/app/(main)/knowledge/page.tsx,/knowledge,@/pages/(main)/knowledge/index,(main),,,,/knowledge
/knowledge/reviews,src/app/(main)/knowledge/reviews/page.tsx,/knowledge/reviews,@/pages/(main)/knowledge/reviews/index,(main),,,,/knowledge/reviews
/licenses/[id]/edit,src/app/(main)/licenses/[id]/edit/page.tsx,/licenses/:id/edit,@/pages/(main)/licenses/$id/edit/index,(main),:id,,,/licenses/1/edit
/licenses/[id],src/app/(main)/licenses/[id]/page.tsx,/licenses/:id,@/pages/(main)/licenses/$id/index,(main),:id,,,/licenses/1
/licenses/new,src/app/(main)/licenses/new/page.tsx,/licenses/new,@/pages/(main)/licenses/new/index,(main),,,,/licenses/new
/licenses,src/app/(main)/licenses/page.tsx,/licenses,@/pages/(main)/licenses/index,(main),,,,/licenses
/marketplace/[id],src/app/(main)/marketplace/[id]/page.tsx,/marketplace/:id,@/pages/(main)/marketplace/$id/index,(main),:id,,,/marketplace/1
/marketplace,src/app/(main)/marketplace/page.tsx,/marketplace,@/pages/(main)/marketplace/index,(main),,,,/marketplace
/msp/management,src/app/(main)/msp/management/page.tsx,/msp/management,@/pages/(main)/msp/management/index,(main),,,,/msp/management
/msp,src/app/(main)/msp/page.tsx,/msp,@/pages/(main)/msp/index,(main),,,,/msp
/my-requests/[requestId],src/app/(main)/my-requests/[requestId]/page.tsx,/my-requests/:requestId,@/pages/(main)/my-requests/$requestId/index,(main),:requestId,,,/my-requests/1
/my-requests,src/app/(main)/my-requests/page.tsx,/my-requests,@/pages/(main)/my-requests/index,(main),,,,/my-requests
/noc,src/app/(main)/noc/page.tsx,/noc,@/pages/(main)/noc/index,(main),,,,/noc
/notifications,src/app/(main)/notifications/page.tsx,/notifications,@/pages/(main)/notifications/index,(main),,,,/notifications
/problems/[id]/edit,src/app/(main)/problems/[id]/edit/page.tsx,/problems/:id/edit,@/pages/(main)/problems/$id/edit/index,(main),:id,,,/problems/1/edit
/problems/[id],src/app/(main)/problems/[id]/page.tsx,/problems/:id,@/pages/(main)/problems/$id/index,(main),:id,,,/problems/1
/problems/known-errors,src/app/(main)/problems/known-errors/page.tsx,/problems/known-errors,@/pages/(main)/problems/known-errors/index,(main),,,,/problems/known-errors
/problems/new,src/app/(main)/problems/new/page.tsx,/problems/new,@/pages/(main)/problems/new/index,(main),,,,/problems/new
/problems,src/app/(main)/problems/page.tsx,/problems,@/pages/(main)/problems/index,(main),,,,/problems
/problems/trends,src/app/(main)/problems/trends/page.tsx,/problems/trends,@/pages/(main)/problems/trends/index,(main),,,,/problems/trends
/profile,src/app/(main)/profile/page.tsx,/profile,@/pages/(main)/profile/index,(main),,,,/profile
/projects,src/app/(main)/projects/page.tsx,/projects,@/pages/(main)/projects/index,(main),,,,/projects
/releases/[id]/edit,src/app/(main)/releases/[id]/edit/page.tsx,/releases/:id/edit,@/pages/(main)/releases/$id/edit/index,(main),:id,,,/releases/1/edit
/releases/[id],src/app/(main)/releases/[id]/page.tsx,/releases/:id,@/pages/(main)/releases/$id/index,(main),:id,,,/releases/1
/releases/new,src/app/(main)/releases/new/page.tsx,/releases/new,@/pages/(main)/releases/new/index,(main),,,,/releases/new
/releases,src/app/(main)/releases/page.tsx,/releases,@/pages/(main)/releases/index,(main),,,,/releases
/reports/catalog-usage,src/app/(main)/reports/catalog-usage/page.tsx,/reports/catalog-usage,,,,/reports/service-catalog-usage,redirect-only,/reports/catalog-usage
/reports/change-success,src/app/(main)/reports/change-success/page.tsx,/reports/change-success,@/pages/(main)/reports/change-success/index,(main),,,,/reports/change-success
/reports/changes,src/app/(main)/reports/changes/page.tsx,/reports/changes,,,,/reports/change-success,redirect-only,/reports/changes
/reports/cmdb-quality,src/app/(main)/reports/cmdb-quality/page.tsx,/reports/cmdb-quality,@/pages/(main)/reports/cmdb-quality/index,(main),,,,/reports/cmdb-quality
/reports/incident-trends,src/app/(main)/reports/incident-trends/page.tsx,/reports/incident-trends,@/pages/(main)/reports/incident-trends/index,(main),,,,/reports/incident-trends
/reports/incidents,src/app/(main)/reports/incidents/page.tsx,/reports/incidents,,,,/reports/incident-trends,redirect-only,/reports/incidents
/reports,src/app/(main)/reports/page.tsx,/reports,@/pages/(main)/reports/index,(main),,,,/reports
/reports/problem-efficiency,src/app/(main)/reports/problem-efficiency/page.tsx,/reports/problem-efficiency,@/pages/(main)/reports/problem-efficiency/index,(main),,,,/reports/problem-efficiency
/reports/problems,src/app/(main)/reports/problems/page.tsx,/reports/problems,,,,/reports/problem-efficiency,redirect-only,/reports/problems
/reports/service-catalog-usage,src/app/(main)/reports/service-catalog-usage/page.tsx,/reports/service-catalog-usage,@/pages/(main)/reports/service-catalog-usage/index,(main),,,,/reports/service-catalog-usage
/reports/sla,src/app/(main)/reports/sla/page.tsx,/reports/sla,,,,/reports/sla-performance,redirect-only,/reports/sla
/reports/sla-performance,src/app/(main)/reports/sla-performance/page.tsx,/reports/sla-performance,@/pages/(main)/reports/sla-performance/index,(main),,,,/reports/sla-performance
/reports/tickets,src/app/(main)/reports/tickets/page.tsx,/reports/tickets,@/pages/(main)/reports/tickets/index,(main),,,,/reports/tickets
/service-catalog/approvals,src/app/(main)/service-catalog/approvals/page.tsx,/service-catalog/approvals,@/pages/(main)/service-catalog/approvals/index,(main),,,,/service-catalog/approvals
/service-catalog/detail/[id],src/app/(main)/service-catalog/detail/[id]/page.tsx,/service-catalog/detail/:id,@/pages/(main)/service-catalog/detail/$id/index,(main),:id,,,/service-catalog/detail/1
/service-catalog/edit/[id],src/app/(main)/service-catalog/edit/[id]/page.tsx,/service-catalog/edit/:id,@/pages/(main)/service-catalog/edit/$id/index,(main),:id,,,/service-catalog/edit/1
/service-catalog,src/app/(main)/service-catalog/page.tsx,/service-catalog,@/pages/(main)/service-catalog/index,(main),,,,/service-catalog
/service-catalog/request/[id],src/app/(main)/service-catalog/request/[id]/page.tsx,/service-catalog/request/:id,@/pages/(main)/service-catalog/request/$id/index,(main),:id,,,/service-catalog/request/1
/service-requests/[id],src/app/(main)/service-requests/[id]/page.tsx,/service-requests/:id,@/pages/(main)/service-requests/$id/index,(main),:id,,,/service-requests/1
/service-requests,src/app/(main)/service-requests/page.tsx,/service-requests,@/pages/(main)/service-requests/index,(main),,,,/service-requests
/settings/approvals,src/app/(main)/settings/approvals/page.tsx,/settings/approvals,@/pages/(main)/settings/approvals/index,(main),,,,/settings/approvals
/sla/definitions/[id],src/app/(main)/sla/definitions/[id]/page.tsx,/sla/definitions/:id,@/pages/(main)/sla/definitions/$id/index,(main),:id,,,/sla/definitions/1
/sla,src/app/(main)/sla/page.tsx,/sla,@/pages/(main)/sla/index,(main),,,,/sla
/sla-dashboard,src/app/(main)/sla-dashboard/page.tsx,/sla-dashboard,,,,/sla,redirect-only,/sla-dashboard
/sla-monitor,src/app/(main)/sla-monitor/page.tsx,/sla-monitor,@/pages/(main)/sla-monitor/index,(main),,,,/sla-monitor
/standard-changes,src/app/(main)/standard-changes/page.tsx,/standard-changes,@/pages/(main)/standard-changes/index,(main),,,,/standard-changes
/system/organization,src/app/(main)/system/organization/page.tsx,/system/organization,@/pages/(main)/system/organization/index,(main),,,,/system/organization
/system/users,src/app/(main)/system/users/page.tsx,/system/users,@/pages/(main)/system/users/index,(main),,,,/system/users
/tags,src/app/(main)/tags/page.tsx,/tags,@/pages/(main)/tags/index,(main),,,,/tags
/teams,src/app/(main)/teams/page.tsx,/teams,@/pages/(main)/teams/index,(main),,,,/teams
/templates,src/app/(main)/templates/page.tsx,/templates,,,,/tickets/templates,redirect-only,/templates
/tickets/[ticketId],src/app/(main)/tickets/[ticketId]/page.tsx,/tickets/:ticketId,@/pages/(main)/tickets/$ticketId/index,(main),:ticketId,,,/tickets/1
/tickets/ai-create,src/app/(main)/tickets/ai-create/page.tsx,/tickets/ai-create,@/pages/(main)/tickets/ai-create/index,(main),,,,/tickets/ai-create
/tickets/analytics,src/app/(main)/tickets/analytics/page.tsx,/tickets/analytics,@/pages/(main)/tickets/analytics/index,(main),,,,/tickets/analytics
/tickets/cc,src/app/(main)/tickets/cc/page.tsx,/tickets/cc,@/pages/(main)/tickets/cc/index,(main),,,,/tickets/cc
/tickets/create,src/app/(main)/tickets/create/page.tsx,/tickets/create,@/pages/(main)/tickets/create/index,(main),,,,/tickets/create
/tickets/dashboard,src/app/(main)/tickets/dashboard/page.tsx,/tickets/dashboard,@/pages/(main)/tickets/dashboard/index,(main),,,,/tickets/dashboard
/tickets,src/app/(main)/tickets/page.tsx,/tickets,@/pages/(main)/tickets/index,(main),,,,/tickets
/tickets/templates/[id],src/app/(main)/tickets/templates/[id]/page.tsx,/tickets/templates/:id,@/pages/(main)/tickets/templates/$id/index,(main),:id,,,/tickets/templates/1
/tickets/templates,src/app/(main)/tickets/templates/page.tsx,/tickets/templates,@/pages/(main)/tickets/templates/index,(main),,,,/tickets/templates
/tickets/types,src/app/(main)/tickets/types/page.tsx,/tickets/types,@/pages/(main)/tickets/types/index,(main),,,,/tickets/types
/workflow/audit,src/app/(main)/workflow/audit/page.tsx,/workflow/audit,@/pages/(main)/workflow/audit/index,(main),,,,/workflow/audit
/workflow/automation,src/app/(main)/workflow/automation/page.tsx,/workflow/automation,@/pages/(main)/workflow/automation/index,(main),,,,/workflow/automation
/workflow/bottlenecks,src/app/(main)/workflow/bottlenecks/page.tsx,/workflow/bottlenecks,@/pages/(main)/workflow/bottlenecks/index,(main),,,,/workflow/bottlenecks
/workflow/dashboard,src/app/(main)/workflow/dashboard/page.tsx,/workflow/dashboard,@/pages/(main)/workflow/dashboard/index,(main),,,,/workflow/dashboard
/workflow/designer,src/app/(main)/workflow/designer/page.tsx,/workflow/designer,@/pages/(main)/workflow/designer/index,(main),,,,/workflow/designer
/workflow/instances/[id],src/app/(main)/workflow/instances/[id]/page.tsx,/workflow/instances/:id,@/pages/(main)/workflow/instances/$id/index,(main),:id,,,/workflow/instances/1
/workflow/instances,src/app/(main)/workflow/instances/page.tsx,/workflow/instances,@/pages/(main)/workflow/instances/index,(main),,,,/workflow/instances
/workflow,src/app/(main)/workflow/page.tsx,/workflow,@/pages/(main)/workflow/index,(main),,,,/workflow
/workflow/sla,src/app/(main)/workflow/sla/page.tsx,/workflow/sla,@/pages/(main)/workflow/sla/index,(main),,,,/workflow/sla
/workflow/ticket-approval,src/app/(main)/workflow/ticket-approval/page.tsx,/workflow/ticket-approval,,,,/approvals,redirect-only,/workflow/ticket-approval
/workflow/versions,src/app/(main)/workflow/versions/page.tsx,/workflow/versions,@/pages/(main)/workflow/versions/index,(main),,,,/workflow/versions
/workflows,src/app/(main)/workflows/page.tsx,/workflows,,,,/workflow,redirect-only,/workflows
/agent-ops-demo,src/app/agent-ops-demo/page.tsx,/agent-ops-demo,@/pages/agent-ops-demo/index,agent-ops-demo,,,,/agent-ops-demo
/auth/callback/[provider],src/app/auth/callback/[provider]/page.tsx,/auth/callback/:provider,@/pages/auth/callback/$provider/index,auth,:provider,,,/auth/callback/sso
/onboarding/wizard,src/app/onboarding/wizard/page.tsx,/onboarding/wizard,@/pages/onboarding/wizard/index,onboarding,,,,/onboarding/wizard
/,src/app/page.tsx,/,@/pages/home/index,root,,,根路径=项目介绍落地页（原 src/app/page.tsx，注册为 index 路由，不走懒加载）,/
